<?xml version="1.0" encoding="utf-8" standalone="yes"?>
<channel>
    <id>animeleggendari</id>
    <name>AnimeLeggendari</name>

    <active>true</active>
    <adult>false</adult>
    <language>it</language>

    <thumbnail>https://animeleggendari.com/wp-content/uploads/2018/01/123header.jpg</thumbnail>
    <bannermenu>https://animeleggendari.com/wp-content/uploads/2018/01/123header.jpg</bannermenu>

    <update_url>https://raw.githubusercontent.com/streamondemand/plugin.video.streamondemand/master/channels/</update_url>
    <version>1</version>
    <date>02/05/2018</date>
    <changes>New Channel</changes>

    <categories>
        <category>anime</category>
    </categories>

 	<settings>
		<id>include_in_global_search</id>
		<type>bool</type>
		<label>Includi ricerca globale</label>
		<default>false</default>
		<enabled>false</enabled>
		<visible>false</visible>
	</settings>
</channel>
