<?xml version="1.0" encoding="utf-8" standalone="yes"?>
<channel>
    <id>saintseiya</id>
    <name>Saint Seiya</name>

    <active>false</active>
    <adult>false</adult>
    <language>it</language>

    <fanart></fanart>
    <thumbnail>http://vignette2.wikia.nocookie.net/nonciclopedia/images/1/12/Logo_Cavalieri_dello_Zodiaco.png/revision/latest?cb=20140308215438</thumbnail>
    <bannermenu>http://vignette2.wikia.nocookie.net/nonciclopedia/images/1/12/Logo_Cavalieri_dello_Zodiaco.png/revision/latest?cb=20140308215438</bannermenu>

    <update_url>https://raw.githubusercontent.com/streamondemand/plugin.video.streamondemand/master/channels/</update_url>
    
    <version>1</version>
    <date>22/06/2016</date>
    <changes>update</changes>

    <categories>
        <category>saghe</category>
        <category>anime</category>
    </categories>

    <settings>
        <id>include_in_global_search</id>
        <type>bool</type>
        <label>Includi ricerca globale</label>
		<default>false</default>
		<enabled>false</enabled>
		<visible>false</visible>
    </settings>
</channel>
