<?xml version="1.0" encoding="utf-8" standalone="yes"?>
<channel>
	<id>guardaseriecc</id>
	<name>Guardaserie.cc</name>

	<active>true</active>
	<adult>false</adult>
	<language>it</language>

	<fanart></fanart>
	<thumbnail>https://raw.githubusercontent.com/costaplus/images/master/posters/guardaseriecc.png</thumbnail>
	<bannermenu>https://raw.githubusercontent.com/costaplus/images/master/posters/guardaseriecc.png</bannermenu>

	<update_url>https://raw.githubusercontent.com/streamondemand/plugin.video.streamondemand/master/channels/</update_url>
	<version>1</version>
	<date>12/10/2017</date>
	<changes>fix channel</changes>

	<categories>
		<category>serie</category>
	</categories>

	<settings>
		<id>include_in_global_search</id>
		<type>bool</type>
		<label>Includi ricerca globale</label>
		<default>false</default>
		<enabled>false</enabled>
		<visible>false</visible>
	</settings>
</channel>
