<?xml version="1.0" encoding="utf-8" standalone="yes"?>
<channel>
	<id>guardogratis</id>
	<name>GuardoGratis</name>
  
	<active>true</active>
	<adult>false</adult>
	<language>it</language>
	<fanart></fanart>
	<thumbnail>http://guardogratis.com/wp-content/uploads/2018/01/Logo-4.png</thumbnail>
	<bannermenu>http://guardogratis.com/wp-content/uploads/2018/01/Logo-4.png</bannermenu>

	<update_url>https://raw.githubusercontent.com/streamondemand/plugin.video.streamondemand/master/channels/</update_url>
	<version>1</version>
	<date>23/02/2018</date>
	<changes>update</changes>

	<categories>
		<category>movie</category>
		<category>serie</category>
	</categories>

	<settings>
		<id>include_in_global_search</id>
		<type>bool</type>
		<label>Includi ricerca globale</label>
		<default>true</default>
		<enabled>true</enabled>
		<visible>true</visible>
	</settings>
</channel>
