<?xml version="1.0" encoding="utf-8" standalone="yes"?>
<channel>
	<id>serietvonline</id>
	<name>SerieTvOnline</name>

	<active>true</active>
	<adult>false</adult>
	<language>it</language>

	<fanart></fanart>
	<thumbnail>https://serietvonline.com/wp-content/uploads/2016/08/logo2016-1.png</thumbnail>
	<bannermenu>https://serietvonline.com/wp-content/uploads/2016/08/logo2016-1.png</bannermenu>

	<update_url>https://raw.githubusercontent.com/streamondemand/plugin.video.streamondemand/master/channels/</update_url>
	<version>3</version>
	<date>03/07/2017</date>
	<changes>New Channel</changes>

	<categories>
		<category>serie</category>
		<category>cult</category>
	</categories>

	<settings>
		<id>include_in_global_search</id>
		<type>bool</type>
		<label>Includi ricerca globale</label>
		<default>true</default>
		<enabled>true</enabled>
		<visible>true</visible>
	</settings>
</channel>
