<?xml version="1.0" ?>
<server>
	<active>true</active>
	<changes>
		<change>
			<autor>MrTruth</autor>
			<date>17/11/2017</date>
			<description>Versión inicial</description>
		</change>
	</changes>
	<free>true</free>
	<id>vidstreaming</id>
	<name>VidStreaming</name>
	<premium>
		<value>realdebrid</value>
	</premium>
	<settings>
		<default>false</default>
		<enabled>true</enabled>
		<id>black_list</id>
		<label>Incluir en lista negra</label>
		<type>bool</type>
		<visible>true</visible>
	</settings>
	<settings>
		<default>100</default>
		<enabled>true</enabled>
		<id>favorites_servers_list</id>
		<label>Incluir en lista de favoritos</label>
		<lvalues>No</lvalues>
		<lvalues>1</lvalues>
		<lvalues>2</lvalues>
		<lvalues>3</lvalues>
		<lvalues>4</lvalues>
		<lvalues>5</lvalues>
		<type>list</type>
		<visible>false</visible>
	</settings>
	<update_url>https://raw.githubusercontent.com/streamondemand/plugin.video.streamondemand/master/servers/</update_url>
	<version>1</version>
</server>