<?xml version="1.0" encoding="utf-8" standalone="yes"?>
<channel>
	<id>animeworld</id>
	<name>AnimeWorld</name>

	<active>true</active>
	<adult>false</adult>
	<language>it</language>

	<fanart></fanart>
	<thumbnail>https://scontent-mxp1-1.xx.fbcdn.net/v/t1.0-9/28378280_818778854975699_2916961111500495865_n.png?_nc_cat=0&oh=a4fbbc46eaa7f16d1ce84b573aa5bb6a&oe=5B3324B4</thumbnail>
	<bannermenu>https://scontent-mxp1-1.xx.fbcdn.net/v/t1.0-9/28378280_818778854975699_2916961111500495865_n.png?_nc_cat=0&oh=a4fbbc46eaa7f16d1ce84b573aa5bb6a&oe=5B3324B4</bannermenu>

	<update_url>https://raw.githubusercontent.com/streamondemand/plugin.video.streamondemand/master/channels/</update_url>
	<version>1</version>
	<date>30/07/2017</date>
	<changes>Fix OAV</changes>

	<categories>
		<category>anime</category>
	</categories>

	<settings>
		<id>include_in_global_search</id>
		<type>bool</type>
		<label>Includi ricerca globale</label>
		<default>false</default>
		<enabled>false</enabled>
		<visible>false</visible>
	</settings>

	<settings>
		<id>include_in_newest_anime</id>
		<type>bool</type>
		<label>Includi in novità - Anime</label>
		<default>true</default>
		<enabled>true</enabled>
		<visible>true</visible>
	</settings>
</channel>
