<?xml version="1.0" encoding="utf-8" standalone="yes"?>
<channel>
    <id>animesubita</id>
    <name>AnimeSubIta</name>

    <active>false</active>
    <adult>false</adult>
    <language>it</language>

    <thumbnail>http://www.animesubita.org/wp-content/uploads/2016/06/500v2-1.png</thumbnail>
    <bannermenu>http://www.animesubita.org/wp-content/uploads/2016/06/500v2-1.png</bannermenu>

    <update_url>https://raw.githubusercontent.com/streamondemand/plugin.video.streamondemand/master/channels/</update_url>
    <version>1</version>
    <date>05/05/2018</date>
    <changes>New Channel</changes>

    <categories>
        <category>anime</category>
    </categories>

 	<settings>
		<id>include_in_global_search</id>
		<type>bool</type>
		<label>Includi ricerca globale</label>
		<default>true</default>
		<enabled>true</enabled>
		<visible>true</visible>
	</settings>

    <settings>
		<id>include_in_newest_anime</id>
		<type>bool</type>
		<label>Includi in novità - Anime</label>
		<default>true</default>
		<enabled>true</enabled>
		<visible>true</visible>
	</settings>
</channel>
