<?xml version="1.0" encoding="utf-8" standalone="yes"?>
<channel>
	<id>streaminghd</id>
	<name>Streaming HD*</name>
  
	<active>true</active>
	<adult>false</adult>
	<language>it</language>
	<fanart></fanart>
	<thumbnail>https://www.visions.tn/wp-content/uploads/2015/11/large_news_HD-STREAMING.jpg</thumbnail>
	<bannermenu></bannermenu>

	<update_url>https://raw.githubusercontent.com/streamondemand/plugin.video.streamondemand/master/channels/</update_url>
	<version>1</version>
	<date>04/02/2018</date>
	<changes>update</changes>

	<categories>
		<category>movie</category>
		<category>vos</category>
	</categories>

	<settings>
		<id>include_in_global_search</id>
		<type>bool</type>
		<label>Includi ricerca globale</label>
		<default>true</default>
		<enabled>true</enabled>
		<visible>true</visible>
	</settings>
</channel>
