<?xml version="1.0" ?>
<server>
	<active>true</active>
	<changes>
		<change>
			<autor>Intel1</autor>
			<date>26/06/2017</date>
			<description>Patrón actualizado</description>
		</change>
		<change>
			<autor>Cmos</autor>
			<date>21/03/2017</date>
			<description>Conector corregido</description>
		</change>
		<change>
			<autor></autor>
			<date>25/03/2016</date>
			<description>Versión incial</description>
		</change>
	</changes>
	<find_videos>
		<ignore_urls>
		</ignore_urls>
		<patterns>
			<pattern>vidto.me/(?:embed-|)([A-z0-9]+)</pattern>
			<url>http://vidto.me/embed-\1-640x360.html</url>
		</patterns>
		<patterns>
			<pattern>vidtome.(?:co|stream)\/([A-z0-9]+)</pattern>
			<url>http://vidtome.co/\1</url>
		</patterns>
	</find_videos>
	<free>true</free>
	<id>vidtome</id>
	<name>vidtome</name>
	<premium>
	</premium>
	<settings>
		<default>false</default>
		<enabled>true</enabled>
		<id>black_list</id>
		<label>Incluir en lista negra</label>
		<type>bool</type>
		<visible>true</visible>
	</settings>
	<settings>
		<default>0</default>
		<enabled>true</enabled>
		<id>favorites_servers_list</id>
		<label>Incluir en lista de favoritos</label>
		<lvalues>No</lvalues>
		<lvalues>1</lvalues>
		<lvalues>2</lvalues>
		<lvalues>3</lvalues>
		<lvalues>4</lvalues>
		<lvalues>5</lvalues>
		<type>list</type>
		<visible>false</visible>
	</settings>
	<thumbnail>http://media.tvalacarta.info/servers/server_vidtome.png</thumbnail>
	<update_url>https://raw.githubusercontent.com/tvalacarta/pelisalacarta/master/python/main-classic/servers/</update_url>
	<version>4</version>
</server>
