<?xml version="1.0" ?>
<server>
	<active>true</active>
	<changes>
		<change>
			<autor>Cmos</autor>
			<date>22/04/2017</date>
			<description>Corregido por cambios</description>
		</change>
		<change>
			<autor>divadr</autor>
			<date>25/03/2016</date>
			<description>Versión incial</description>
		</change>
	</changes>
	<find_videos>
		<ignore_urls>
		</ignore_urls>
		<patterns>
			<pattern>vidzi.tv/embed-([a-z0-9A-Z]+)</pattern>
			<url>http://vidzi.tv/embed-\1.html</url>
		</patterns>
		<patterns>
			<pattern>vidzi.tv/([a-z0-9A-Z]+)</pattern>
			<url>http://vidzi.tv/embed-\1.html</url>
		</patterns>
	</find_videos>
	<free>true</free>
	<id>vidzi</id>
	<name>vidzi</name>
	<premium>
	</premium>
	<settings>
		<default>false</default>
		<enabled>true</enabled>
		<id>black_list</id>
		<label>Incluir en lista negra</label>
		<type>bool</type>
		<visible>true</visible>
	</settings>
	<settings>
		<default>100</default>
		<enabled>true</enabled>
		<id>favorites_servers_list</id>
		<label>Incluir en lista de favoritos</label>
		<lvalues>No</lvalues>
		<lvalues>1</lvalues>
		<lvalues>2</lvalues>
		<lvalues>3</lvalues>
		<lvalues>4</lvalues>
		<lvalues>5</lvalues>
		<type>list</type>
		<visible>false</visible>
	</settings>
	<thumbnail>http://media.tvalacarta.info/servers/server_vidzi.png</thumbnail>
	<update_url>https://raw.githubusercontent.com/streamondemand/plugin.video.streamondemand/master/servers/</update_url>
	<version>3</version>
</server>